[
    {
        "model": "contests.contest",
        "pk": "contest1",
        "fields": {
            "name": "contest1",
            "controller_name": "oioioi.mp.controllers.MPContestController",
            "creation_date": "2023-01-04T23:05:16.030Z",
            "default_submissions_limit": 10,
            "contact_email": "",
            "judging_priority": 10,
            "judging_weight": 1000,
            "enable_editor": false
        }
    },
    {
        "model": "problems.problem",
        "pk": 1,
        "fields": {
            "legacy_name": "squ",
            "short_name": "squ",
            "controller_name": "oioioi.sinolpack.controllers.SinolProblemController"
        }
    },
    {
        "model": "problems.problem",
        "pk": 2,
        "fields": {
            "legacy_name": "squ",
            "short_name": "squ",
            "controller_name": "oioioi.sinolpack.controllers.SinolProblemController"
        }
    },
    {
        "model": "contests.round",
        "pk": 1,
        "fields": {
            "contest": "contest1",
            "name": "Round 1",
            "start_date": "2023-01-04T23:00:00Z",
            "end_date": "2023-01-04T23:30:00Z",
            "results_date": "2023-01-04T23:00:01Z",
            "public_results_date": null,
            "is_trial": false
        }
    },
    {
        "model": "contests.round",
        "pk": 2,
        "fields": {
            "contest": "contest1",
            "name": "Round 2",
            "start_date": "2023-01-04T23:15:00Z",
            "end_date": "2023-01-04T23:45:00Z",
            "results_date": "2023-01-04T23:15:00Z",
            "public_results_date": null,
            "is_trial": false
        }
    },
    {
        "model": "contests.probleminstance",
        "pk": 1,
        "fields": {
            "contest": null,
            "round": null,
            "problem": 1,
            "short_name": "squ_main",
            "submissions_limit": 10,
            "needs_rejudge": false
        }
    },
    {
        "model": "contests.probleminstance",
        "pk": 2,
        "fields": {
            "contest": "contest1",
            "round": 1,
            "problem": 1,
            "short_name": "squ",
            "submissions_limit": 10,
            "needs_rejudge": false
        }
    },
    {
        "model": "contests.probleminstance",
        "pk": 3,
        "fields": {
            "contest": null,
            "round": null,
            "problem": 2,
            "short_name": "squ_main",
            "submissions_limit": 10,
            "needs_rejudge": false
        }
    },
    {
        "model": "contests.probleminstance",
        "pk": 4,
        "fields": {
            "contest": "contest1",
            "round": 2,
            "problem": 2,
            "short_name": "squ1",
            "submissions_limit": 10,
            "needs_rejudge": false
        }
    },
    {
        "model": "contests.submission",
        "pk": 1,
        "fields": {
            "problem_instance": 2,
            "user": 2,
            "date": "2023-01-04T23:09:47.480Z",
            "kind": "NORMAL",
            "score": null,
            "status": "CE",
            "comment": ""
        }
    },
    {
        "model": "contests.submission",
        "pk": 2,
        "fields": {
            "problem_instance": 2,
            "user": 2,
            "date": "2023-01-04T23:10:15.645Z",
            "kind": "NORMAL",
            "score": "int:0000000000000000100",
            "status": "INI_OK",
            "comment": ""
        }
    },
    {
        "model": "contests.submission",
        "pk": 3,
        "fields": {
            "problem_instance": 2,
            "user": 2,
            "date": "2023-01-04T23:10:22.649Z",
            "kind": "NORMAL",
            "score": "int:0000000000000000066",
            "status": "INI_OK",
            "comment": ""
        }
    },
    {
        "model": "contests.submission",
        "pk": 4,
        "fields": {
            "problem_instance": 2,
            "user": 2,
            "date": "2023-01-04T23:13:28.652Z",
            "kind": "IGNORED",
            "score": "int:0000000000000000100",
            "status": "INI_OK",
            "comment": ""
        }
    },
    {
        "model": "contests.submission",
        "pk": 5,
        "fields": {
            "problem_instance": 4,
            "user": 2,
            "date": "2023-01-04T23:15:09.703Z",
            "kind": "NORMAL",
            "score": "int:0000000000000000100",
            "status": "INI_OK",
            "comment": ""
        }
    },
    {
        "model": "contests.submission",
        "pk": 6,
        "fields": {
            "problem_instance": 2,
            "user": 2,
            "date": "2023-01-04T23:16:51.055Z",
            "kind": "NORMAL",
            "score": "int:0000000000000000066",
            "status": "INI_OK",
            "comment": ""
        }
    },
    {
        "model": "contests.submission",
        "pk": 7,
        "fields": {
            "problem_instance": 4,
            "user": 3,
            "date": "2023-01-04T23:24:50.615Z",
            "kind": "NORMAL",
            "score": "int:0000000000000000100",
            "status": "INI_OK",
            "comment": ""
        }
    },
    {
        "model": "contests.submission",
        "pk": 8,
        "fields": {
            "problem_instance": 4,
            "user": 3,
            "date": "2023-01-04T23:27:19.682Z",
            "kind": "NORMAL",
            "score": "int:0000000000000000000",
            "status": "INI_OK",
            "comment": ""
        }
    },
    {
        "model": "contests.submission",
        "pk": 9,
        "fields": {
            "problem_instance": 2,
            "user": 3,
            "date": "2023-01-04T23:30:12.410Z",
            "kind": "NORMAL",
            "score": "int:0000000000000000100",
            "status": "INI_OK",
            "comment": ""
        }
    },
    {
        "model": "contests.submission",
        "pk": 10,
        "fields": {
            "problem_instance": 2,
            "user": 3,
            "date": "2023-01-04T23:30:47.495Z",
            "kind": "NORMAL",
            "score": "int:0000000000000000066",
            "status": "INI_OK",
            "comment": ""
        }
    },
    {
        "model": "contests.submission",
        "pk": 11,
        "fields": {
            "problem_instance": 2,
            "user": 2,
            "date": "2023-01-04T23:31:20.972Z",
            "kind": "NORMAL",
            "score": "int:0000000000000000016",
            "status": "INI_OK",
            "comment": ""
        }
    },
    {
        "model": "contests.submission",
        "pk": 12,
        "fields": {
            "problem_instance": 2,
            "user": 4,
            "date": "2023-01-04T23:46:58.520Z",
            "kind": "NORMAL",
            "score": "int:0000000000000000100",
            "status": "INI_OK",
            "comment": ""
        }
    },
    {
        "model": "contests.submission",
        "pk": 13,
        "fields": {
            "problem_instance": 4,
            "user": 4,
            "date": "2023-01-04T23:47:06.106Z",
            "kind": "NORMAL",
            "score": "int:0000000000000000100",
            "status": "INI_OK",
            "comment": ""
        }
    },
    {
        "model": "contests.submission",
        "pk": 14,
        "fields": {
            "problem_instance": 2,
            "user": 5,
            "date": "2023-01-05T00:05:18.423Z",
            "kind": "NORMAL",
            "score": null,
            "status": "CE",
            "comment": ""
        }
    },
    {
        "model": "contests.submission",
        "pk": 15,
        "fields": {
            "problem_instance": 4,
            "user": 5,
            "date": "2023-01-05T00:05:49.898Z",
            "kind": "NORMAL",
            "score": "int:0000000000000000000",
            "status": "INI_OK",
            "comment": ""
        }
    },
    {
        "model": "contests.submissionreport",
        "pk": 1,
        "fields": {
            "submission": 1,
            "creation_date": "2023-01-04T23:09:49.129Z",
            "kind": "INITIAL",
            "status": "SUPERSEDED"
        }
    },
    {
        "model": "contests.submissionreport",
        "pk": 2,
        "fields": {
            "submission": 1,
            "creation_date": "2023-01-04T23:09:49.159Z",
            "kind": "NORMAL",
            "status": "SUPERSEDED"
        }
    },
    {
        "model": "contests.submissionreport",
        "pk": 3,
        "fields": {
            "submission": 1,
            "creation_date": "2023-01-04T23:09:49.200Z",
            "kind": "FAILURE",
            "status": "SUPERSEDED"
        }
    },
    {
        "model": "contests.submissionreport",
        "pk": 4,
        "fields": {
            "submission": 2,
            "creation_date": "2023-01-04T23:10:16.993Z",
            "kind": "INITIAL",
            "status": "SUPERSEDED"
        }
    },
    {
        "model": "contests.submissionreport",
        "pk": 5,
        "fields": {
            "submission": 2,
            "creation_date": "2023-01-04T23:10:17.207Z",
            "kind": "NORMAL",
            "status": "SUPERSEDED"
        }
    },
    {
        "model": "contests.submissionreport",
        "pk": 6,
        "fields": {
            "submission": 3,
            "creation_date": "2023-01-04T23:10:23.917Z",
            "kind": "INITIAL",
            "status": "SUPERSEDED"
        }
    },
    {
        "model": "contests.submissionreport",
        "pk": 7,
        "fields": {
            "submission": 3,
            "creation_date": "2023-01-04T23:10:24.107Z",
            "kind": "NORMAL",
            "status": "SUPERSEDED"
        }
    },
    {
        "model": "contests.submissionreport",
        "pk": 8,
        "fields": {
            "submission": 4,
            "creation_date": "2023-01-04T23:13:29.977Z",
            "kind": "INITIAL",
            "status": "SUPERSEDED"
        }
    },
    {
        "model": "contests.submissionreport",
        "pk": 9,
        "fields": {
            "submission": 4,
            "creation_date": "2023-01-04T23:13:30.156Z",
            "kind": "NORMAL",
            "status": "SUPERSEDED"
        }
    },
    {
        "model": "contests.submissionreport",
        "pk": 10,
        "fields": {
            "submission": 5,
            "creation_date": "2023-01-04T23:15:11.080Z",
            "kind": "INITIAL",
            "status": "SUPERSEDED"
        }
    },
    {
        "model": "contests.submissionreport",
        "pk": 11,
        "fields": {
            "submission": 5,
            "creation_date": "2023-01-04T23:15:11.313Z",
            "kind": "NORMAL",
            "status": "SUPERSEDED"
        }
    },
    {
        "model": "contests.submissionreport",
        "pk": 12,
        "fields": {
            "submission": 1,
            "creation_date": "2023-01-04T23:15:37.527Z",
            "kind": "INITIAL",
            "status": "ACTIVE"
        }
    },
    {
        "model": "contests.submissionreport",
        "pk": 13,
        "fields": {
            "submission": 1,
            "creation_date": "2023-01-04T23:15:37.560Z",
            "kind": "NORMAL",
            "status": "ACTIVE"
        }
    },
    {
        "model": "contests.submissionreport",
        "pk": 14,
        "fields": {
            "submission": 1,
            "creation_date": "2023-01-04T23:15:37.602Z",
            "kind": "FAILURE",
            "status": "INACTIVE"
        }
    },
    {
        "model": "contests.submissionreport",
        "pk": 15,
        "fields": {
            "submission": 2,
            "creation_date": "2023-01-04T23:15:38.746Z",
            "kind": "INITIAL",
            "status": "ACTIVE"
        }
    },
    {
        "model": "contests.submissionreport",
        "pk": 16,
        "fields": {
            "submission": 3,
            "creation_date": "2023-01-04T23:15:38.832Z",
            "kind": "INITIAL",
            "status": "ACTIVE"
        }
    },
    {
        "model": "contests.submissionreport",
        "pk": 17,
        "fields": {
            "submission": 4,
            "creation_date": "2023-01-04T23:15:39.975Z",
            "kind": "INITIAL",
            "status": "ACTIVE"
        }
    },
    {
        "model": "contests.submissionreport",
        "pk": 18,
        "fields": {
            "submission": 2,
            "creation_date": "2023-01-04T23:15:40.103Z",
            "kind": "NORMAL",
            "status": "ACTIVE"
        }
    },
    {
        "model": "contests.submissionreport",
        "pk": 19,
        "fields": {
            "submission": 5,
            "creation_date": "2023-01-04T23:15:40.196Z",
            "kind": "INITIAL",
            "status": "ACTIVE"
        }
    },
    {
        "model": "contests.submissionreport",
        "pk": 20,
        "fields": {
            "submission": 3,
            "creation_date": "2023-01-04T23:15:40.254Z",
            "kind": "NORMAL",
            "status": "ACTIVE"
        }
    },
    {
        "model": "contests.submissionreport",
        "pk": 21,
        "fields": {
            "submission": 4,
            "creation_date": "2023-01-04T23:15:40.343Z",
            "kind": "NORMAL",
            "status": "ACTIVE"
        }
    },
    {
        "model": "contests.submissionreport",
        "pk": 22,
        "fields": {
            "submission": 5,
            "creation_date": "2023-01-04T23:15:40.429Z",
            "kind": "NORMAL",
            "status": "ACTIVE"
        }
    },
    {
        "model": "contests.submissionreport",
        "pk": 23,
        "fields": {
            "submission": 6,
            "creation_date": "2023-01-04T23:16:52.371Z",
            "kind": "INITIAL",
            "status": "ACTIVE"
        }
    },
    {
        "model": "contests.submissionreport",
        "pk": 24,
        "fields": {
            "submission": 6,
            "creation_date": "2023-01-04T23:16:52.556Z",
            "kind": "NORMAL",
            "status": "ACTIVE"
        }
    },
    {
        "model": "contests.submissionreport",
        "pk": 25,
        "fields": {
            "submission": 7,
            "creation_date": "2023-01-04T23:24:51.909Z",
            "kind": "INITIAL",
            "status": "ACTIVE"
        }
    },
    {
        "model": "contests.submissionreport",
        "pk": 26,
        "fields": {
            "submission": 7,
            "creation_date": "2023-01-04T23:24:52.097Z",
            "kind": "NORMAL",
            "status": "ACTIVE"
        }
    },
    {
        "model": "contests.submissionreport",
        "pk": 27,
        "fields": {
            "submission": 8,
            "creation_date": "2023-01-04T23:27:20.955Z",
            "kind": "INITIAL",
            "status": "ACTIVE"
        }
    },
    {
        "model": "contests.submissionreport",
        "pk": 28,
        "fields": {
            "submission": 8,
            "creation_date": "2023-01-04T23:27:21.143Z",
            "kind": "NORMAL",
            "status": "ACTIVE"
        }
    },
    {
        "model": "contests.submissionreport",
        "pk": 29,
        "fields": {
            "submission": 9,
            "creation_date": "2023-01-04T23:30:13.762Z",
            "kind": "INITIAL",
            "status": "ACTIVE"
        }
    },
    {
        "model": "contests.submissionreport",
        "pk": 30,
        "fields": {
            "submission": 9,
            "creation_date": "2023-01-04T23:30:13.956Z",
            "kind": "NORMAL",
            "status": "ACTIVE"
        }
    },
    {
        "model": "contests.submissionreport",
        "pk": 31,
        "fields": {
            "submission": 10,
            "creation_date": "2023-01-04T23:30:48.833Z",
            "kind": "INITIAL",
            "status": "ACTIVE"
        }
    },
    {
        "model": "contests.submissionreport",
        "pk": 32,
        "fields": {
            "submission": 10,
            "creation_date": "2023-01-04T23:30:49.018Z",
            "kind": "NORMAL",
            "status": "ACTIVE"
        }
    },
    {
        "model": "contests.submissionreport",
        "pk": 33,
        "fields": {
            "submission": 11,
            "creation_date": "2023-01-04T23:31:22.295Z",
            "kind": "INITIAL",
            "status": "ACTIVE"
        }
    },
    {
        "model": "contests.submissionreport",
        "pk": 34,
        "fields": {
            "submission": 11,
            "creation_date": "2023-01-04T23:31:22.486Z",
            "kind": "NORMAL",
            "status": "ACTIVE"
        }
    },
    {
        "model": "contests.submissionreport",
        "pk": 35,
        "fields": {
            "submission": 6,
            "creation_date": "2023-01-04T23:33:05.059Z",
            "kind": "HIDDEN",
            "status": "INACTIVE"
        }
    },
    {
        "model": "contests.submissionreport",
        "pk": 36,
        "fields": {
            "submission": 12,
            "creation_date": "2023-01-04T23:46:59.811Z",
            "kind": "INITIAL",
            "status": "ACTIVE"
        }
    },
    {
        "model": "contests.submissionreport",
        "pk": 37,
        "fields": {
            "submission": 12,
            "creation_date": "2023-01-04T23:46:59.996Z",
            "kind": "NORMAL",
            "status": "ACTIVE"
        }
    },
    {
        "model": "contests.submissionreport",
        "pk": 38,
        "fields": {
            "submission": 13,
            "creation_date": "2023-01-04T23:47:07.429Z",
            "kind": "INITIAL",
            "status": "ACTIVE"
        }
    },
    {
        "model": "contests.submissionreport",
        "pk": 39,
        "fields": {
            "submission": 13,
            "creation_date": "2023-01-04T23:47:07.631Z",
            "kind": "NORMAL",
            "status": "ACTIVE"
        }
    },
    {
        "model": "contests.submissionreport",
        "pk": 40,
        "fields": {
            "submission": 14,
            "creation_date": "2023-01-05T00:05:18.600Z",
            "kind": "INITIAL",
            "status": "ACTIVE"
        }
    },
    {
        "model": "contests.submissionreport",
        "pk": 41,
        "fields": {
            "submission": 14,
            "creation_date": "2023-01-05T00:05:18.629Z",
            "kind": "NORMAL",
            "status": "ACTIVE"
        }
    },
    {
        "model": "contests.submissionreport",
        "pk": 42,
        "fields": {
            "submission": 14,
            "creation_date": "2023-01-05T00:05:18.663Z",
            "kind": "FAILURE",
            "status": "INACTIVE"
        }
    },
    {
        "model": "contests.submissionreport",
        "pk": 43,
        "fields": {
            "submission": 15,
            "creation_date": "2023-01-05T00:05:51.217Z",
            "kind": "INITIAL",
            "status": "ACTIVE"
        }
    },
    {
        "model": "contests.submissionreport",
        "pk": 44,
        "fields": {
            "submission": 15,
            "creation_date": "2023-01-05T00:05:51.413Z",
            "kind": "NORMAL",
            "status": "ACTIVE"
        }
    },
    {
        "model": "contests.scorereport",
        "pk": 1,
        "fields": {
            "submission_report": 1,
            "status": "CE",
            "score": null,
            "max_score": null,
            "comment": null
        }
    },
    {
        "model": "contests.scorereport",
        "pk": 2,
        "fields": {
            "submission_report": 2,
            "status": "CE",
            "score": null,
            "max_score": null,
            "comment": null
        }
    },
    {
        "model": "contests.scorereport",
        "pk": 3,
        "fields": {
            "submission_report": 4,
            "status": "OK",
            "score": null,
            "max_score": null,
            "comment": null
        }
    },
    {
        "model": "contests.scorereport",
        "pk": 4,
        "fields": {
            "submission_report": 5,
            "status": "OK",
            "score": "int:0000000000000000100",
            "max_score": "int:0000000000000000100",
            "comment": null
        }
    },
    {
        "model": "contests.scorereport",
        "pk": 5,
        "fields": {
            "submission_report": 6,
            "status": "OK",
            "score": null,
            "max_score": null,
            "comment": null
        }
    },
    {
        "model": "contests.scorereport",
        "pk": 6,
        "fields": {
            "submission_report": 7,
            "status": "WA",
            "score": "int:0000000000000000066",
            "max_score": "int:0000000000000000100",
            "comment": null
        }
    },
    {
        "model": "contests.scorereport",
        "pk": 7,
        "fields": {
            "submission_report": 8,
            "status": "OK",
            "score": null,
            "max_score": null,
            "comment": null
        }
    },
    {
        "model": "contests.scorereport",
        "pk": 8,
        "fields": {
            "submission_report": 9,
            "status": "OK",
            "score": "int:0000000000000000100",
            "max_score": "int:0000000000000000100",
            "comment": null
        }
    },
    {
        "model": "contests.scorereport",
        "pk": 9,
        "fields": {
            "submission_report": 10,
            "status": "OK",
            "score": null,
            "max_score": null,
            "comment": null
        }
    },
    {
        "model": "contests.scorereport",
        "pk": 10,
        "fields": {
            "submission_report": 11,
            "status": "OK",
            "score": "int:0000000000000000100",
            "max_score": "int:0000000000000000100",
            "comment": null
        }
    },
    {
        "model": "contests.scorereport",
        "pk": 11,
        "fields": {
            "submission_report": 12,
            "status": "CE",
            "score": null,
            "max_score": null,
            "comment": null
        }
    },
    {
        "model": "contests.scorereport",
        "pk": 12,
        "fields": {
            "submission_report": 13,
            "status": "CE",
            "score": null,
            "max_score": null,
            "comment": null
        }
    },
    {
        "model": "contests.scorereport",
        "pk": 13,
        "fields": {
            "submission_report": 15,
            "status": "OK",
            "score": null,
            "max_score": null,
            "comment": null
        }
    },
    {
        "model": "contests.scorereport",
        "pk": 14,
        "fields": {
            "submission_report": 16,
            "status": "OK",
            "score": null,
            "max_score": null,
            "comment": null
        }
    },
    {
        "model": "contests.scorereport",
        "pk": 15,
        "fields": {
            "submission_report": 17,
            "status": "OK",
            "score": null,
            "max_score": null,
            "comment": null
        }
    },
    {
        "model": "contests.scorereport",
        "pk": 16,
        "fields": {
            "submission_report": 18,
            "status": "OK",
            "score": "int:0000000000000000100",
            "max_score": "int:0000000000000000100",
            "comment": null
        }
    },
    {
        "model": "contests.scorereport",
        "pk": 17,
        "fields": {
            "submission_report": 19,
            "status": "OK",
            "score": null,
            "max_score": null,
            "comment": null
        }
    },
    {
        "model": "contests.scorereport",
        "pk": 18,
        "fields": {
            "submission_report": 20,
            "status": "WA",
            "score": "int:0000000000000000066",
            "max_score": "int:0000000000000000100",
            "comment": null
        }
    },
    {
        "model": "contests.scorereport",
        "pk": 19,
        "fields": {
            "submission_report": 21,
            "status": "OK",
            "score": "int:0000000000000000100",
            "max_score": "int:0000000000000000100",
            "comment": null
        }
    },
    {
        "model": "contests.scorereport",
        "pk": 20,
        "fields": {
            "submission_report": 22,
            "status": "OK",
            "score": "int:0000000000000000100",
            "max_score": "int:0000000000000000100",
            "comment": null
        }
    },
    {
        "model": "contests.scorereport",
        "pk": 21,
        "fields": {
            "submission_report": 23,
            "status": "OK",
            "score": null,
            "max_score": null,
            "comment": null
        }
    },
    {
        "model": "contests.scorereport",
        "pk": 22,
        "fields": {
            "submission_report": 24,
            "status": "WA",
            "score": "int:0000000000000000066",
            "max_score": "int:0000000000000000100",
            "comment": null
        }
    },
    {
        "model": "contests.scorereport",
        "pk": 23,
        "fields": {
            "submission_report": 25,
            "status": "OK",
            "score": null,
            "max_score": null,
            "comment": null
        }
    },
    {
        "model": "contests.scorereport",
        "pk": 24,
        "fields": {
            "submission_report": 26,
            "status": "OK",
            "score": "int:0000000000000000100",
            "max_score": "int:0000000000000000100",
            "comment": null
        }
    },
    {
        "model": "contests.scorereport",
        "pk": 25,
        "fields": {
            "submission_report": 27,
            "status": "OK",
            "score": null,
            "max_score": null,
            "comment": null
        }
    },
    {
        "model": "contests.scorereport",
        "pk": 26,
        "fields": {
            "submission_report": 28,
            "status": "WA",
            "score": "int:0000000000000000000",
            "max_score": "int:0000000000000000100",
            "comment": null
        }
    },
    {
        "model": "contests.scorereport",
        "pk": 27,
        "fields": {
            "submission_report": 29,
            "status": "OK",
            "score": null,
            "max_score": null,
            "comment": null
        }
    },
    {
        "model": "contests.scorereport",
        "pk": 28,
        "fields": {
            "submission_report": 30,
            "status": "OK",
            "score": "int:0000000000000000100",
            "max_score": "int:0000000000000000100",
            "comment": null
        }
    },
    {
        "model": "contests.scorereport",
        "pk": 29,
        "fields": {
            "submission_report": 31,
            "status": "OK",
            "score": null,
            "max_score": null,
            "comment": null
        }
    },
    {
        "model": "contests.scorereport",
        "pk": 30,
        "fields": {
            "submission_report": 32,
            "status": "WA",
            "score": "int:0000000000000000066",
            "max_score": "int:0000000000000000100",
            "comment": null
        }
    },
    {
        "model": "contests.scorereport",
        "pk": 31,
        "fields": {
            "submission_report": 33,
            "status": "OK",
            "score": null,
            "max_score": null,
            "comment": null
        }
    },
    {
        "model": "contests.scorereport",
        "pk": 32,
        "fields": {
            "submission_report": 34,
            "status": "WA",
            "score": "int:0000000000000000016",
            "max_score": "int:0000000000000000100",
            "comment": null
        }
    },
    {
        "model": "contests.scorereport",
        "pk": 33,
        "fields": {
            "submission_report": 35,
            "status": "WA",
            "score": "int:0000000000000000066",
            "max_score": "int:0000000000000000100",
            "comment": null
        }
    },
    {
        "model": "contests.scorereport",
        "pk": 34,
        "fields": {
            "submission_report": 36,
            "status": "OK",
            "score": null,
            "max_score": null,
            "comment": null
        }
    },
    {
        "model": "contests.scorereport",
        "pk": 35,
        "fields": {
            "submission_report": 37,
            "status": "OK",
            "score": "int:0000000000000000100",
            "max_score": "int:0000000000000000100",
            "comment": null
        }
    },
    {
        "model": "contests.scorereport",
        "pk": 36,
        "fields": {
            "submission_report": 38,
            "status": "OK",
            "score": null,
            "max_score": null,
            "comment": null
        }
    },
    {
        "model": "contests.scorereport",
        "pk": 37,
        "fields": {
            "submission_report": 39,
            "status": "OK",
            "score": "int:0000000000000000100",
            "max_score": "int:0000000000000000100",
            "comment": null
        }
    },
    {
        "model": "contests.scorereport",
        "pk": 38,
        "fields": {
            "submission_report": 40,
            "status": "CE",
            "score": null,
            "max_score": null,
            "comment": null
        }
    },
    {
        "model": "contests.scorereport",
        "pk": 39,
        "fields": {
            "submission_report": 41,
            "status": "CE",
            "score": null,
            "max_score": null,
            "comment": null
        }
    },
    {
        "model": "contests.scorereport",
        "pk": 40,
        "fields": {
            "submission_report": 43,
            "status": "OK",
            "score": null,
            "max_score": null,
            "comment": null
        }
    },
    {
        "model": "contests.scorereport",
        "pk": 41,
        "fields": {
            "submission_report": 44,
            "status": "WA",
            "score": "int:0000000000000000000",
            "max_score": "int:0000000000000000100",
            "comment": null
        }
    },
    {
        "model": "contests.userresultforproblem",
        "pk": 5,
        "fields": {
            "user": 2,
            "problem_instance": 4,
            "score": "float:00000000000100.00",
            "status": "INI_OK",
            "submission_report": null
        }
    },
    {
        "model": "contests.userresultforproblem",
        "pk": 11,
        "fields": {
            "user": 3,
            "problem_instance": 4,
            "score": "float:00000000000100.00",
            "status": "INI_OK",
            "submission_report": null
        }
    },
    {
        "model": "contests.userresultforproblem",
        "pk": 12,
        "fields": {
            "user": 3,
            "problem_instance": 2,
            "score": "float:00000000000050.00",
            "status": "INI_OK",
            "submission_report": null
        }
    },
    {
        "model": "contests.userresultforproblem",
        "pk": 15,
        "fields": {
            "user": 4,
            "problem_instance": 2,
            "score": "float:00000000000050.00",
            "status": "INI_OK",
            "submission_report": null
        }
    },
    {
        "model": "contests.userresultforproblem",
        "pk": 16,
        "fields": {
            "user": 4,
            "problem_instance": 4,
            "score": "float:00000000000050.00",
            "status": "INI_OK",
            "submission_report": null
        }
    },
    {
        "model": "contests.userresultforproblem",
        "pk": 18,
        "fields": {
            "user": 5,
            "problem_instance": 4,
            "score": "float:00000000000000.00",
            "status": "INI_OK",
            "submission_report": null
        }
    },
    {
        "model": "contests.userresultforround",
        "pk": 1,
        "fields": {
            "user": 2,
            "round": 2,
            "score": "float:00000000000100.00"
        }
    },
    {
        "model": "contests.userresultforround",
        "pk": 2,
        "fields": {
            "user": 3,
            "round": 2,
            "score": "float:00000000000100.00"
        }
    },
    {
        "model": "contests.userresultforround",
        "pk": 3,
        "fields": {
            "user": 3,
            "round": 1,
            "score": "float:00000000000050.00"
        }
    },
    {
        "model": "contests.userresultforround",
        "pk": 4,
        "fields": {
            "user": 4,
            "round": 1,
            "score": "float:00000000000050.00"
        }
    },
    {
        "model": "contests.userresultforround",
        "pk": 5,
        "fields": {
            "user": 4,
            "round": 2,
            "score": "float:00000000000050.00"
        }
    },
    {
        "model": "contests.userresultforround",
        "pk": 6,
        "fields": {
            "user": 5,
            "round": 2,
            "score": "float:00000000000000.00"
        }
    },
    {
        "model": "contests.userresultforcontest",
        "pk": 1,
        "fields": {
            "user": 2,
            "contest": "contest1",
            "score": "float:00000000000100.00"
        }
    },
    {
        "model": "contests.userresultforcontest",
        "pk": 2,
        "fields": {
            "user": 3,
            "contest": "contest1",
            "score": "float:00000000000150.00"
        }
    },
    {
        "model": "contests.userresultforcontest",
        "pk": 3,
        "fields": {
            "user": 4,
            "contest": "contest1",
            "score": "float:00000000000100.00"
        }
    },
    {
        "model": "contests.userresultforcontest",
        "pk": 4,
        "fields": {
            "user": 5,
            "contest": "contest1",
            "score": "float:00000000000000.00"
        }
    }
]
