[
  {
    "pk": 1,
    "model": "problems.tag",
    "fields": {
      "name": "nwd"
    }
  },
  {
    "pk": 2,
    "model": "problems.tag",
    "fields": {
      "name": "dijkstra"
    }
  },
  {
    "pk": 3,
    "model": "problems.tag",
    "fields": {
      "name": "inwersje"
    }
  },
  {
    "pk": 4,
    "model": "problems.tag",
    "fields": {
      "name": "plecakowy"
    }
  },
  {
    "pk": 5,
    "model": "problems.tag",
    "fields": {
      "name": "najdluzszy"
    }
  },
  {
    "pk": 6,
    "model": "problems.tag",
    "fields": {
      "name": "rosnacy"
    }
  },
  {
    "pk": 7,
    "model": "problems.tag",
    "fields": {
      "name": "zachlanny"
    }
  },
  {
    "pk": 8,
    "model": "problems.tag",
    "fields": {
      "name": "dynamic_programming"
    }
  },
  {
    "pk": 9,
    "model": "problems.tag",
    "fields": {
      "name": "MST"
    }
  },
  {
    "pk": 10,
    "model": "problems.tag",
    "fields": {
      "name": "FindAndUnion"
    }
  },
  {
    "pk": 11,
    "model": "problems.tag",
    "fields": {
      "name": "MergeSort"
    }
  },
  {
    "pk": 12,
    "model": "problems.tag",
    "fields": {
      "name": "DivideAndConquer"
    }
  },
  {
    "pk": 13,
    "model": "problems.tag",
    "fields": {
      "name": "prefix_sums"
    }
  },
  {
    "pk": 14,
    "model": "problems.tag",
    "fields": {
      "name": "BinarySearch"
    }
  },
  {
    "pk": 15,
    "model": "problems.tag",
    "fields": {
      "name": "topsort"
    }
  },
  {
    "pk": 16,
    "model": "problems.tag",
    "fields": {
      "name": "DrzewoPrzedzialowe"
    }
  },
  {
    "pk": 17,
    "model": "problems.tag",
    "fields": {
      "name": "hashes"
    }
  },
  {
    "pk": 18,
    "model": "problems.tag",
    "fields": {
      "name": "DFS"
    }
  },
  {
    "pk": 19,
    "model": "problems.tag",
    "fields": {
      "name": "BFS"
    }
  },
  {
    "pk": 20,
    "model": "problems.tag",
    "fields": {
      "name": "Preorder"
    }
  },

  {
    "pk": 1,
    "model": "problems.algorithmtag",
    "fields": {
      "name": "GCD"
    }
  },
  {
    "pk": 2,
    "model": "problems.algorithmtag",
    "fields": {
      "name": "Dijkstra"
    }
  },
  {
    "pk": 3,
    "model": "problems.algorithmtag",
    "fields": {
      "name": "PrefixSums"
    }
  },
  {
    "pk": 4,
    "model": "problems.algorithmtag",
    "fields": {
      "name": "TopologicalSorting"
    }
  },

  {
    "pk": 1,
    "model": "problems.problem",
    "fields": {
      "name": "Zadanko",
      "ascii_name": "Zadanko",
      "short_name": "zad1",
      "visibility": "PU"
    }
  },
  {
    "pk": 2,
    "model": "problems.problem",
    "fields": {
      "name": "Żółć",
      "ascii_name": "Zolc",
      "short_name": "zol1",
      "visibility": "PU"
    }
  },
  {
    "pk": 3,
    "model": "problems.problem",
    "fields": {
      "name": "Znacznik",
      "ascii_name": "Znacznik",
      "short_name": "zna1",
      "visibility": "PU"
    }
  },
  {
    "pk": 4,
    "model": "problems.problem",
    "fields": {
      "name": "Algorytm",
      "ascii_name": "Algorytm",
      "short_name": "alg",
      "visibility": "PU"
    }
  },

  {
    "pk": 1,
    "model": "problems.tagthrough",
    "fields": {
        "problem": 1,
        "tag": 1
    }
  },
  {
    "pk": 2,
    "model": "problems.tagthrough",
    "fields": {
        "problem": 2,
        "tag": 2
    }
  },
  {
    "pk": 3,
    "model": "problems.tagthrough",
    "fields": {
        "problem": 3,
        "tag": 3
    }
  },
  {
    "pk": 4,
    "model": "problems.tagthrough",
    "fields": {
        "problem": 4,
        "tag": 4
    }
  },
  {
    "pk": 5,
    "model": "problems.tagthrough",
    "fields": {
        "problem": 1,
        "tag": 5
    }
  },
  {
    "pk": 6,
    "model": "problems.tagthrough",
    "fields": {
        "problem": 2,
        "tag": 6
    }
  },
  {
    "pk": 7,
    "model": "problems.tagthrough",
    "fields": {
        "problem": 3,
        "tag": 7
    }
  },
  {
    "pk": 8,
    "model": "problems.tagthrough",
    "fields": {
        "problem": 4,
        "tag": 8
    }
  },
  {
    "pk": 9,
    "model": "problems.tagthrough",
    "fields": {
        "problem": 1,
        "tag": 9
    }
  },
  {
    "pk": 10,
    "model": "problems.tagthrough",
    "fields": {
        "problem": 2,
        "tag": 10
    }
  },
  {
    "pk": 11,
    "model": "problems.tagthrough",
    "fields": {
        "problem": 3,
        "tag": 11
    }
  },
  {
    "pk": 12,
    "model": "problems.tagthrough",
    "fields": {
        "problem": 4,
        "tag": 12
    }
  },
  {
    "pk": 13,
    "model": "problems.tagthrough",
    "fields": {
        "problem": 1,
        "tag": 13
    }
  },
  {
    "pk": 14,
    "model": "problems.tagthrough",
    "fields": {
        "problem": 2,
        "tag": 14
    }
  },
  {
    "pk": 15,
    "model": "problems.tagthrough",
    "fields": {
        "problem": 3,
        "tag": 15
    }
  },
  {
    "pk": 16,
    "model": "problems.tagthrough",
    "fields": {
        "problem": 4,
        "tag": 16
    }
  },
  {
    "pk": 17,
    "model": "problems.tagthrough",
    "fields": {
        "problem": 1,
        "tag": 17
    }
  },
  {
    "pk": 18,
    "model": "problems.tagthrough",
    "fields": {
        "problem": 2,
        "tag": 18
    }
  },
  {
    "pk": 19,
    "model": "problems.tagthrough",
    "fields": {
        "problem": 3,
        "tag": 19
    }
  },
  {
    "pk": 20,
    "model": "problems.tagthrough",
    "fields": {
        "problem": 4,
        "tag": 20
    }
  },

  {
    "pk": 1,
    "model": "problems.algorithmtagthrough",
    "fields": {
        "problem": 1,
        "tag": 1
    }
  },
  {
    "pk": 2,
    "model": "problems.algorithmtagthrough",
    "fields": {
        "problem": 2,
        "tag": 2
    }
  }
]
